Workbook
Name gvhd: [1]Sheet1!$B$4:$E$1500

Sheet DSSV-Tên đề tài-Hướng dẫn
A1: Thứ tự | B1: Mã sinh viên | C1: Họ đệm | D1: Tên | E1: Ngày sinh | F1: Giới tính | G1: Lớp hành chính | H1: Ngành/Chương trình đào tạo | I1: Mã học phần | J1: Khóa học | K1: Tên đề tài | L1: Đơn vị quản lý sinh viên | M1: Tên nhóm | N1: Người hướng dẫn | O1: Học hàm - Học vị | P1: Người hướng dẫn 2 | Q1: Học hàm - Học vị | R1: Ghi chú | S1: Tên đề tài (Tiếng Anh) | T1: Từ khóa (Tiếng Việt) | U1: Từ khóa (Tiếng Anh) | V1: Tóm tắt đồ án, khóa luận tốt nghiệp (Tiếng Việt) | W1: Tóm tắt đồ án, khóa luận tốt nghiệp (Tiếng Anh) | X1: Mã lớp MH/HP
A2: 1 | B2: 2019604777 | C2: Lê Việt | D2: Hoàng | E2: 36901 | F2: Nam | G2: 2019DHDTTT05 | H2: Công nghệ kỹ thuật điện tử - viễn thông | I2: FE6010 | J2: K14 | L2: Khoa Điện tử | M2: 1 | N2: Nguyễn Anh Dũng | R2: Thiếu tên đề tài | X2: 20234FE6010001
A3: 2 | B3: 2020601541 | C3: Trần Việt | D3: Hưng | E3: 37489 | F3: Nam | G3: 2020DHDTTT02 | H3: Công nghệ kỹ thuật điện tử - viễn thông | I3: FE6010 | J3: K15 | L3: Khoa Điện tử | M3: 1 | N3: Nguyễn Anh Dũng | R3: Thiếu tên đề tài | X3: 20234FE6010001
A4: 3 | B4: 2020606814 | C4: Phạm Ngọc | D4: Phương | E4: 37551 | F4: Nam | G4: 2020DHDTTT07 | H4: Công nghệ kỹ thuật điện tử - viễn thông | I4: FE6010 | J4: K15 | L4: Khoa Điện tử | M4: 1 | N4: Nguyễn Anh Dũng | R4: Thiếu tên đề tài | X4: 20234FE6010001
A5: 4 | B5: 2020603968 | C5: Nguyễn Đắc | D5: Bình | E5: 37432 | F5: Nam | G5: 2020DHDTTT04 | H5: Công nghệ kỹ thuật điện tử - viễn thông | I5: FE6010 | J5: K15 | K5: Thiết kế mô hình hệ thống điều khiển và giám sát các thiết bị điện trong gia đình | L5: Khoa Điện tử | M5: 2 | N5: Phạm Xuân Thành | X5: 20234FE6010001
A6: 5 | B6: 2020608060 | C6: Trịnh Xuân | D6: Hoàng | E6: 37422 | F6: Nam | G6: 2020DHDTTT04 | H6: Công nghệ kỹ thuật điện tử - viễn thông | I6: FE6010 | J6: K15 | K6: Thiết kế mô hình hệ thống điều khiển và giám sát các thiết bị điện trong gia đình | L6: Khoa Điện tử | M6: 2 | N6: Phạm Xuân Thành | X6: 20234FE6010001
A7: 6 | B7: 2020603850 | C7: Nguyễn Thế | D7: Huy | E7: 37494 | F7: Nam | G7: 2020DHDTTT04 | H7: Công nghệ kỹ thuật điện tử - viễn thông | I7: FE6010 | J7: K15 | K7: Thiết kế mô hình hệ thống điều khiển và giám sát các thiết bị điện trong gia đình | L7: Khoa Điện tử | M7: 2 | N7: Phạm Xuân Thành | X7: 20234FE6010001
A8: 7 | B8: 2020603046 | C8: Nguyễn Minh | D8: Đức | E8: 37287 | F8: Nam | G8: 2020DHDTTT03 | H8: Công nghệ kỹ thuật điện tử - viễn thông | I8: FE6010 | J8: K15 | K8: Nghiên cứu, thiết kế hệ thống phân loại sản phẩm có giám sát tốc độ và vị trí sử dụng PLC | L8: Khoa Điện tử | M8: 3 | N8: Nguyễn Thanh Hà | X8: 20234FE6010001
A9: 8 | B9: 2020603012 | C9: Vũ Đức | D9: Hoan | E9: 37282 | F9: Nam | G9: 2020DHDTTT03 | H9: Công nghệ kỹ thuật điện tử - viễn thông | I9: FE6010 | J9: K15 | K9: Nghiên cứu, thiết kế hệ thống phân loại sản phẩm có giám sát tốc độ và vị trí sử dụng PLC | L9: Khoa Điện tử | M9: 3 | N9: Nguyễn Thanh Hà | X9: 20234FE6010001
A10: 9 | B10: 2020603052 | C10: Ngô Ngọc | D10: Kiên | E10: 37590 | F10: Nam | G10: 2020DHDTTT03 | H10: Công nghệ kỹ thuật điện tử - viễn thông | I10: FE6010 | J10: K15 | K10: Nghiên cứu, thiết kế hệ thống phân loại sản phẩm có giám sát tốc độ và vị trí sử dụng PLC | L10: Khoa Điện tử | M10: 3 | N10: Nguyễn Thanh Hà | X10: 20234FE6010001
A11: 10 | B11: 2020604627 | C11: Lê Duy | D11: Đức | E11: 37470 | F11: Nam | G11: 2020DHDTTT05 | H11: Công nghệ kỹ thuật điện tử - viễn thông | I11: FE6010 | J11: K15 | K11: Thiết kế mô hình điều khiển và giám sát các thiết bị điện trong nhà bằng Wifi sử dụng ESP32 | L11: Khoa Điện tử | M11: 4 | N11: Nguyễn Tiến Kiệm | R11: Tên đề tài do SV đề xuất. Không phù hợp do dùng ESP32 | X11: 20234FE6010001
A12: 11 | B12: 2020604636 | C12: Nguyễn Xuân | D12: Sang | E12: 37277 | F12: Nam | G12: 2020DHDTTT05 | H12: Công nghệ kỹ thuật điện tử - viễn thông | I12: FE6010 | J12: K15 | K12: Thiết kế mô hình điều khiển và giám sát các thiết bị điện trong nhà bằng Wifi sử dụng ESP32 | L12: Khoa Điện tử | M12: 4 | N12: Nguyễn Tiến Kiệm | R12: Tên đề tài do SV đề xuất. Không phù hợp do dùng ESP32 | X12: 20234FE6010001
A13: 12 | B13: 2020604773 | C13: Nguyễn Trung | D13: Vĩnh | E13: 37375 | F13: Nam | G13: 2020DHDTTT05 | H13: Công nghệ kỹ thuật điện tử - viễn thông | I13: FE6010 | J13: K15 | K13: Thiết kế mô hình điều khiển và giám sát các thiết bị điện trong nhà bằng Wifi sử dụng ESP32 | L13: Khoa Điện tử | M13: 4 | N13: Nguyễn Tiến Kiệm | R13: Tên đề tài do SV đề xuất. Không phù hợp do dùng ESP32 | X13: 20234FE6010001
A14: 13 | B14: 2020601065 | C14: Nguyễn Xuân | D14: Chiến | E14: 37533 | F14: Nam | G14: 2020DHDTTT01 | H14: Công nghệ kỹ thuật điện tử - viễn thông | I14: FE6010 | J14: K15 | K14: Thiết kế hệ thống điều khiển thiết bị điện qua website. | L14: Khoa Điện tử | M14: 5 | N14: Nguyễn Tiến Kiệm | X14: 20234FE6010001
A15: 14 | B15: 2020601023 | C15: Xuân Quang | D15: Duy | E15: 37557 | F15: Nam | G15: 2020DHDTTT01 | H15: Công nghệ kỹ thuật điện tử - viễn thông | I15: FE6010 | J15: K15 | K15: Thiết kế hệ thống điều khiển thiết bị điện qua website. | L15: Khoa Điện tử | M15: 5 | N15: Nguyễn Tiến Kiệm | X15: 20234FE6010001
A16: 15 | B16: 2020608012 | C16: Đỗ Văn | D16: Nhất | E16: 37215 | F16: Nam | G16: 2020DHDTTT04 | H16: Công nghệ kỹ thuật điện tử - viễn thông | I16: FE6010 | J16: K15 | K16: Thiết kế hệ thống điều khiển thiết bị điện qua website. | L16: Khoa Điện tử | M16: 5 | N16: Nguyễn Tiến Kiệm | X16: 20234FE6010001
A17: 16 | B17: 2020606039 | C17: Hoàng Văn | D17: Giáp | E17: 36913 | F17: Nam | G17: 2020DHDTTT07 | H17: Công nghệ kỹ thuật điện tử - viễn thông | I17: FE6010 | J17: K15 | K17: Thiêt kế mô hình bãi đỗ xe thông minh | L17: Khoa Điện tử | M17: 6 | N17: Đỗ Thị Ngọc Ánh | X17: 20234FE6010001
A18: 17 | B18: 2020606137 | C18: Hoàng Đình | D18: Hiển | E18: 37550 | F18: Nam | G18: 2020DHDTTT07 | H18: Công nghệ kỹ thuật điện tử - viễn thông | I18: FE6010 | J18: K15 | K18: Thiêt kế mô hình bãi đỗ xe thông minh | L18: Khoa Điện tử | M18: 6 | N18: Đỗ Thị Ngọc Ánh | X18: 20234FE6010001
A19: 18 | B19: 2020606272 | C19: Vũ Tiến | D19: Huy | E19: 37557 | F19: Nam | G19: 2020DHDTTT07 | H19: Công nghệ kỹ thuật điện tử - viễn thông | I19: FE6010 | J19: K15 | K19: Thiêt kế mô hình bãi đỗ xe thông minh | L19: Khoa Điện tử | M19: 6 | N19: Đỗ Thị Ngọc Ánh | X19: 20234FE6010001
A20: 19 | B20: 2020600682 | C20: Chu Hải | D20: Đăng | E20: 37429 | F20: Nam | G20: 2020DHDTTT01 | H20: Công nghệ kỹ thuật điện tử - viễn thông | I20: FE6010 | J20: K15 | K20: Thiết kế mô hình nhà thông minh điều kiển qua app blynk | L20: Khoa Điện tử | M20: 7 | N20: Đỗ Thị Ngọc Ánh | R20: Tên đề tài do SV đề xuất. | X20: 20234FE6010001
A21: 20 | B21: 2020600597 | C21: Trần Khánh | D21: Dư | E21: 37378 | F21: Nam | G21: 2020DHDTTT01 | H21: Công nghệ kỹ thuật điện tử - viễn thông | I21: FE6010 | J21: K15 | K21: Thiết kế mô hình nhà thông minh điều kiển qua app blynk | L21: Khoa Điện tử | M21: 7 | N21: Đỗ Thị Ngọc Ánh | R21: Tên đề tài do SV đề xuất. | X21: 20234FE6010001
A22: 21 | B22: 2020600695 | C22: Đặng Văn | D22: Hiệp | E22: 37553 | F22: Nam | G22: 2020DHDTTT01 | H22: Công nghệ kỹ thuật điện tử - viễn thông | I22: FE6010 | J22: K15 | K22: Thiết kế mô hình nhà thông minh điều kiển qua app blynk | L22: Khoa Điện tử | M22: 7 | N22: Đỗ Thị Ngọc Ánh | R22: Tên đề tài do SV đề xuất. | X22: 20234FE6010001
A23: 22 | B23: 2020601393 | C23: Nguyễn Đức | D23: Duy | E23: 37559 | F23: Nam | G23: 2020DHDTTT02 | H23: Công nghệ kỹ thuật điện tử - viễn thông | I23: FE6010 | J23: K15 | K23: Thiết kế hệ thống phân loại màu sắc ứng dụng trong nông sản | L23: Khoa Điện tử | M23: 8 | N23: Lê Thị Trang | X23: 20234FE6010001
A24: 23 | B24: 2020601801 | C24: Lê Ngọc | D24: Hà | E24: 37309 | F24: Nam | G24: 2020DHDTTT02 | H24: Công nghệ kỹ thuật điện tử - viễn thông | I24: FE6010 | J24: K15 | K24: Thiết kế hệ thống phân loại màu sắc ứng dụng trong nông sản | L24: Khoa Điện tử | M24: 8 | N24: Lê Thị Trang | X24: 20234FE6010001
A25: 24 | B25: 2020601180 | C25: Nguyễn Đức | D25: Vượng | E25: 37479 | F25: Nam | G25: 2020DHDTTT02 | H25: Công nghệ kỹ thuật điện tử - viễn thông | I25: FE6010 | J25: K15 | K25: Thiết kế hệ thống phân loại màu sắc ứng dụng trong nông sản | L25: Khoa Điện tử | M25: 8 | N25: Lê Thị Trang | X25: 20234FE6010001
A26: 25 | B26: 2019608089 | C26: Nguyễn Mạnh | D26: Hải | E26: 36328 | F26: Nam | G26: LT CĐ - ĐH ĐTTT 1 | H26: Công nghệ kỹ thuật điện tử - viễn thông | I26: FE6010 | J26: K14 | K26: Thiết kế và triển khai mô hình hệ thống chiếu sáng thông minh | L26: Khoa Điện tử | M26: 9 | N26: Trương Thị Bích Liên | X26: 20234FE6010001
A27: 26 | B27: 2020603132 | C27: Nguyễn Mạnh | D27: Hùng | E27: 37516 | F27: Nam | G27: 2020DHDTTT03 | H27: Công nghệ kỹ thuật điện tử - viễn thông | I27: FE6010 | J27: K15 | K27: Thiết kế và triển khai mô hình hệ thống chiếu sáng thông minh | L27: Khoa Điện tử | M27: 9 | N27: Trương Thị Bích Liên | X27: 20234FE6010001
A28: 27 | B28: 2020605241 | C28: Nguyễn Mạnh | D28: Việt | E28: 37513 | F28: Nam | G28: 2020DHDTTT06 | H28: Công nghệ kỹ thuật điện tử - viễn thông | I28: FE6010 | J28: K15 | K28: Thiết kế và triển khai mô hình hệ thống chiếu sáng thông minh | L28: Khoa Điện tử | M28: 9 | N28: Trương Thị Bích Liên | X28: 20234FE6010001
A29: 28 | B29: 2020604003 | C29: Nguyễn Tuấn | D29: Anh | E29: 37265 | F29: Nam | G29: 2020DHDTTT04 | H29: Công nghệ kỹ thuật điện tử - viễn thông | I29: FE6010 | J29: K15 | K29: Thiết kế hệ thống cửa thông minh sử dụng công nghệ RFID | L29: Khoa Điện tử | M29: 10 | N29: Vũ Trung Kiên | X29: 20234FE6010001
A30: 29 | B30: 2020603201 | C30: Lê Đức | D30: Bình | E30: 37357 | F30: Nam | G30: 2020DHDTTT04 | H30: Công nghệ kỹ thuật điện tử - viễn thông | I30: FE6010 | J30: K15 | K30: Thiết kế hệ thống cửa thông minh sử dụng công nghệ RFID | L30: Khoa Điện tử | M30: 10 | N30: Vũ Trung Kiên | X30: 20234FE6010001
A31: 30 | B31: 2020603888 | C31: Nhâm Hùng | D31: Cường | E31: 28/06/2002 | F31: Nam | G31: 2020DHDTTT04 | H31: Công nghệ kỹ thuật điện tử - viễn thông | I31: FE6010 | J31: K15 | K31: Thiết kế hệ thống cửa thông minh sử dụng công nghệ RFID | L31: Khoa Điện tử | M31: 10 | N31: Vũ Trung Kiên | X31: 20234FE6010001
A32: 31 | B32: 2020601498 | C32: Trần Tuấn | D32: Anh | E32: 24/10/2002 | F32: Nam | G32: 2020DHDTTT02 | H32: Công nghệ kỹ thuật điện tử - viễn thông | I32: FE6010 | J32: K15 | K32: Nghiên cứu, thiết kế bộ đo kiểm và kiểm soát dữ liệu của modul cảm biến. | L32: Khoa Điện tử | M32: 11 | N32: Đinh Thị Kim Phượng | X32: 20234FE6010001
A33: 32 | B33: 2020601988 | C33: Phạm Duy | D33: Đạt | E33: 37534 | F33: Nam | G33: 2020DHDTTT02 | H33: Công nghệ kỹ thuật điện tử - viễn thông | I33: FE6010 | J33: K15 | K33: Nghiên cứu, thiết kế bộ đo kiểm và kiểm soát dữ liệu của modul cảm biến. | L33: Khoa Điện tử | M33: 11 | N33: Đinh Thị Kim Phượng | X33: 20234FE6010001
A34: 33 | B34: 2020601820 | C34: Phạm Hồng | D34: Quang | E34: 37294 | F34: Nam | G34: 2020DHDTTT02 | H34: Công nghệ kỹ thuật điện tử - viễn thông | I34: FE6010 | J34: K15 | K34: Nghiên cứu, thiết kế bộ đo kiểm và kiểm soát dữ liệu của modul cảm biến. | L34: Khoa Điện tử | M34: 11 | N34: Đinh Thị Kim Phượng | X34: 20234FE6010001
A35: 34 | B35: 2020602100 | C35: Nguyễn Thị | D35: Nhàn | E35: 37412 | F35: Nữ | G35: 2020DHDTTT02 | H35: Công nghệ kỹ thuật điện tử - viễn thông | I35: FE6010 | J35: K15 | K35: Thiết kế hệ thống vườn thông minh | L35: Khoa Điện tử | M35: 12 | N35: Hà Thị Phương | X35: 20234FE6010001
A36: 35 | B36: 2020601643 | C36: Nguyễn Văn | D36: Thành | E36: 37379 | F36: Nam | G36: 2020DHDTTT02 | H36: Công nghệ kỹ thuật điện tử - viễn thông | I36: FE6010 | J36: K15 | K36: Thiết kế hệ thống vườn thông minh | L36: Khoa Điện tử | M36: 12 | N36: Hà Thị Phương | X36: 20234FE6010001
A37: 36 | B37: 2020604515 | C37: Nguyễn Thị | D37: Tươi | E37: 37415 | F37: Nữ | G37: 2020DHDTTT05 | H37: Công nghệ kỹ thuật điện tử - viễn thông | I37: FE6010 | J37: K15 | K37: Thiết kế hệ thống vườn thông minh | L37: Khoa Điện tử | M37: 12 | N37: Hà Thị Phương | X37: 20234FE6010001
A38: 37 | B38: 2020603979 | C38: Nguyễn Khắc | D38: Cường | E38: 37609 | F38: Nam | G38: 2020DHDTTT04 | H38: Công nghệ kỹ thuật điện tử - viễn thông | I38: FE6010 | J38: K15 | K38: Nghiên cứu mạch đo kiểm soát môi trường dưới nước | L38: Khoa Điện tử | M38: 13 | N38: Bùi Thị Thu Hà | R38: Tên đề tài không phù hợp do chưa thể hiện mức độ Thiết kế theo thang Bloom | X38: 20234FE6010001
A39: 38 | B39: 2020603437 | C39: Nghiêm Đình | D39: Đạt | E39: 37454 | F39: Nam | G39: 2020DHDTTT04 | H39: Công nghệ kỹ thuật điện tử - viễn thông | I39: FE6010 | J39: K15 | K39: Nghiên cứu mạch đo kiểm soát môi trường dưới nước | L39: Khoa Điện tử | M39: 13 | N39: Bùi Thị Thu Hà | R39: Tên đề tài không phù hợp do chưa thể hiện mức độ Thiết kế theo thang Bloom | X39: 20234FE6010001
A40: 39 | B40: 2020603357 | C40: Nguyễn Xuân | D40: Sơn | E40: 37348 | F40: Nam | G40: 2020DHDTTT04 | H40: Công nghệ kỹ thuật điện tử - viễn thông | I40: FE6010 | J40: K15 | K40: Nghiên cứu mạch đo kiểm soát môi trường dưới nước | L40: Khoa Điện tử | M40: 13 | N40: Bùi Thị Thu Hà | R40: Tên đề tài không phù hợp do chưa thể hiện mức độ Thiết kế theo thang Bloom | X40: 20234FE6010001
A41: 40 | B41: 2020605295 | C41: Nguyễn Đức | D41: Duy | E41: 37388 | F41: Nam | G41: 2020DHDTTT06 | H41: Công nghệ kỹ thuật điện tử - viễn thông | I41: FE6010 | J41: K15 | K41: Thiết kế mô hình vườn tưới cây thông minh dùng ESP32 | L41: Khoa Điện tử | M41: 14 | N41: Trần Văn Tùng | R41: Tên đề tài do SV đề xuất. Không phù hợp do dùng Arduino ESP32 | X41: 20234FE6010001
A42: 41 | B42: 2020605170 | C42: Nguyễn Huy | D42: Hải | E42: 37593 | F42: Nam | G42: 2020DHDTTT06 | H42: Công nghệ kỹ thuật điện tử - viễn thông | I42: FE6010 | J42: K15 | K42: Thiết kế mô hình vườn tưới cây thông minh dùng ESP32 | L42: Khoa Điện tử | M42: 14 | N42: Trần Văn Tùng | R42: Tên đề tài do SV đề xuất. Không phù hợp do dùng Arduino ESP32 | X42: 20234FE6010001
A43: 42 | B43: 2020605656 | C43: Nguyễn Thế | D43: Hiếu | E43: 37496 | F43: Nam | G43: 2020DHDTTT06 | H43: Công nghệ kỹ thuật điện tử - viễn thông | I43: FE6010 | J43: K15 | K43: Thiết kế mô hình vườn tưới cây thông minh dùng ESP32 | L43: Khoa Điện tử | M43: 14 | N43: Trần Văn Tùng | R43: Tên đề tài do SV đề xuất. Không phù hợp do dùng Arduino ESP32 | X43: 20234FE6010001
A44: 43 | B44: 2020606281 | C44: Nguyễn Văn | D44: Mạnh | E44: 37358 | F44: Nam | G44: 2020DHDTTT07 | H44: Công nghệ kỹ thuật điện tử - viễn thông | I44: FE6010 | J44: K15 | K44: Thiết kế mô hình nhà thông minh sử dụng ESP32 | L44: Khoa Điện tử | M44: 15 | N44: Nguyễn Thị Thu Hà | R44: Tên đề tài Không phù hợp do đề xuất dùng Arduino ESP32 | X44: 20234FE6010001
A45: 44 | B45: 2020606508 | C45: Nguyễn Đa | D45: Trường | E45: 37280 | F45: Nam | G45: 2020DHDTTT07 | H45: Công nghệ kỹ thuật điện tử - viễn thông | I45: FE6010 | J45: K15 | K45: Thiết kế mô hình nhà thông minh sử dụng ESP32 | L45: Khoa Điện tử | M45: 15 | N45: Nguyễn Thị Thu Hà | R45: Tên đề tài Không phù hợp do đề xuất dùng Arduino ESP32 | X45: 20234FE6010001
A46: 45 | B46: 2020601949 | C46: Nguyễn Xuân | D46: Tùng | E46: 37571 | F46: Nam | G46: 2020DHDTTT02 | H46: Công nghệ kỹ thuật điện tử - viễn thông | I46: FE6010 | J46: K15 | K46: Thiết kế mô hình nhà thông minh sử dụng ESP32 | L46: Khoa Điện tử | M46: 15 | N46: Nguyễn Thị Thu Hà | R46: Tên đề tài Không phù hợp do đề xuất dùng Arduino ESP32 | X46: 20234FE6010001
A47: 46 | B47: 2020605434 | C47: Phạm Văn | D47: Huy | E47: 37309 | F47: Nam | G47: 2020DHDTTT06 | H47: Công nghệ kỹ thuật điện tử - viễn thông | I47: FE6010 | J47: K15 | K47: Mô hình cảnh báo cháy SmartHome | L47: Khoa Điện tử | M47: 16 | N47: Dương Thị Hằng | R47: Tên đề tài không phù hợp do thiếu động từ thể hiện mức độ Thiết kế theo thang Bloom | X47: 20234FE6010001
A48: 47 | B48: 2020600078 | C48: Đặng Quốc | D48: Thịnh | E48: 37282 | F48: Nam | G48: 2020DHDTTT01 | H48: Công nghệ kỹ thuật điện tử - viễn thông | I48: FE6010 | J48: K15 | K48: Mô hình cảnh báo cháy SmartHome | L48: Khoa Điện tử | M48: 16 | N48: Dương Thị Hằng | R48: Tên đề tài không phù hợp do thiếu động từ thể hiện mức độ Thiết kế theo thang Bloom | X48: 20234FE6010001
A49: 48 | B49: 2020606834 | C49: Nguyễn Quốc | D49: Việt | E49: 28/08/2002 | F49: Nam | G49: 2020DHDTTT07 | H49: Công nghệ kỹ thuật điện tử - viễn thông | I49: FE6010 | J49: K15 | K49: Mô hình cảnh báo cháy SmartHome | L49: Khoa Điện tử | M49: 16 | N49: Dương Thị Hằng | R49: Tên đề tài không phù hợp do thiếu động từ thể hiện mức độ Thiết kế theo thang Bloom | X49: 20234FE6010001
A50: 49 | B50: 2020605459 | C50: Phạm Văn | D50: Khánh | E50: 37567 | F50: Nam | G50: 2020DHDTTT06 | H50: Công nghệ kỹ thuật điện tử - viễn thông | I50: FE6010 | J50: K15 | K50: Thiết kế hệ thống đo, cảnh báo cháy, chữa cháy cho nhà thông minh | L50: Khoa Điện tử | M50: 17 | N50: Trần Hữu Toàn | X50: 20234FE6010001
A51: 50 | B51: 2020605586 | C51: Nguyễn Đức | D51: Phương | E51: 37295 | F51: Nam | G51: 2020DHDTTT06 | H51: Công nghệ kỹ thuật điện tử - viễn thông | I51: FE6010 | J51: K15 | K51: Thiết kế hệ thống đo, cảnh báo cháy, chữa cháy cho nhà thông minh | L51: Khoa Điện tử | M51: 17 | N51: Trần Hữu Toàn | X51: 20234FE6010001
A52: 51 | B52: 2020605307 | C52: Lại Phú | D52: Thắng | E52: 37398 | F52: Nam | G52: 2020DHDTTT06 | H52: Công nghệ kỹ thuật điện tử - viễn thông | I52: FE6010 | J52: K15 | K52: Thiết kế hệ thống đo, cảnh báo cháy, chữa cháy cho nhà thông minh | L52: Khoa Điện tử | M52: 17 | N52: Trần Hữu Toàn | X52: 20234FE6010001
A53: 52 | B53: 2020603670 | C53: Vũ Minh | D53: Đức | E53: 27/03/2002 | F53: Nam | G53: 2020DHDTTT04 | H53: Công nghệ kỹ thuật điện tử - viễn thông | I53: FE6010 | J53: K15 | K53: Thiết kế mô hình phát hiện và cảnh báo khí gas thông minh | L53: Khoa Điện tử | M53: 18 | N53: Lê Thị Trang | X53: 20234FE6010001
A54: 53 | B54: 2020603748 | C54: Phạm Đức | D54: Duy | E54: 18/05/2002 | F54: Nam | G54: 2020DHDTTT04 | H54: Công nghệ kỹ thuật điện tử - viễn thông | I54: FE6010 | J54: K15 | K54: Thiết kế mô hình phát hiện và cảnh báo khí gas thông minh | L54: Khoa Điện tử | M54: 18 | N54: Lê Thị Trang | X54: 20234FE6010001
A55: 54 | B55: 2020604093 | C55: Đặng Duy | D55: Nghĩa | E55: 37469 | F55: Nam | G55: 2020DHDTTT04 | H55: Công nghệ kỹ thuật điện tử - viễn thông | I55: FE6010 | J55: K15 | K55: Thiết kế mô hình phát hiện và cảnh báo khí gas thông minh | L55: Khoa Điện tử | M55: 18 | N55: Lê Thị Trang | X55: 20234FE6010001
A56: 55 | B56: 2020602951 | C56: Phan Quốc | D56: Khải | E56: 37480 | F56: Nam | G56: 2020DHDTTT03 | H56: Công nghệ kỹ thuật điện tử - viễn thông | I56: FE6010 | J56: K15 | K56: Mô phỏng điều khiển, giám sát các thiết bị điện sử dụng ESP32 và STM32 gửi cảnh báo SMS qua ứng dụng Blynk | L56: Khoa Điện tử | M56: 19 | N56: Hà Thị Kim Duyên | R56: Tên đề tài không phù hợp do thiếu động từ thể hiện mức độ Thiết kế theo thang Bloom và đề xuất dùng Arduino ESP32 | X56: 20234FE6010001
A57: 56 | B57: 2020603095 | C57: Nguyễn Duy | D57: Thái | E57: 37599 | F57: Nam | G57: 2020DHDTTT03 | H57: Công nghệ kỹ thuật điện tử - viễn thông | I57: FE6010 | J57: K15 | K57: Mô phỏng điều khiển, giám sát các thiết bị điện sử dụng ESP32 và STM32 gửi cảnh báo SMS qua ứng dụng Blynk | L57: Khoa Điện tử | M57: 19 | N57: Hà Thị Kim Duyên | R57: Tên đề tài không phù hợp do thiếu động từ thể hiện mức độ Thiết kế theo thang Bloom và đề xuất dùng Arduino ESP32 | X57: 20234FE6010001
A58: 57 | B58: 2019600391 | C58: Hoàng Hồng | D58: Trà | E58: 36962 | F58: Nữ | G58: 2019DHDTTT01 | H58: Công nghệ kỹ thuật điện tử - viễn thông | I58: FE6010 | J58: K14 | K58: Mô phỏng điều khiển, giám sát các thiết bị điện sử dụng ESP32 và STM32 gửi cảnh báo SMS qua ứng dụng Blynk | L58: Khoa Điện tử | M58: 19 | N58: Hà Thị Kim Duyên | R58: Tên đề tài không phù hợp do thiếu động từ thể hiện mức độ Thiết kế theo thang Bloom và đề xuất dùng Arduino ESP32 | X58: 20234FE6010001
A59: 58 | B59: 2020602769 | C59: Nguyễn Minh | D59: Đức | E59: 37428 | F59: Nam | G59: 2020DHDTTT03 | H59: Công nghệ kỹ thuật điện tử - viễn thông | I59: FE6010 | J59: K15 | K59: Thiết kế và hoàn thiện mô hình nhà thông minh sử dụng ESP8266 | L59: Khoa Điện tử | M59: 20 | N59: Nguyễn Ngọc Anh | R59: Tên đề tài không phù hợp do thiếu động từ thể hiện mức độ Thiết kế theo thang Bloom và đề xuất dùng Arduino ESP8266 | X59: 20234FE6010001
A60: 59 | B60: 2020602615 | C60: Nguyễn Đức Trung | D60: Hiếu | E60: 37548 | F60: Nam | G60: 2020DHDTTT03 | H60: Công nghệ kỹ thuật điện tử - viễn thông | I60: FE6010 | J60: K15 | K60: Thiết kế và hoàn thiện mô hình nhà thông minh sử dụng ESP8266 | L60: Khoa Điện tử | M60: 20 | N60: Nguyễn Ngọc Anh | R60: Tên đề tài không phù hợp do thiếu động từ thể hiện mức độ Thiết kế theo thang Bloom và đề xuất dùng Arduino ESP8266 | X60: 20234FE6010001
A61: 60 | B61: 2020602944 | C61: Nguyễn Xuân | D61: Hòa | E61: 37578 | F61: Nam | G61: 2020DHDTTT03 | H61: Công nghệ kỹ thuật điện tử - viễn thông | I61: FE6010 | J61: K15 | K61: Thiết kế và hoàn thiện mô hình nhà thông minh sử dụng ESP8266 | L61: Khoa Điện tử | M61: 20 | N61: Nguyễn Ngọc Anh | R61: Tên đề tài không phù hợp do thiếu động từ thể hiện mức độ Thiết kế theo thang Bloom và đề xuất dùng Arduino ESP8266 | X61: 20234FE6010001
A62: 61 | B62: 2020604971 | C62: Nguyễn Thanh | D62: Chương | E62: 37257 | F62: Nam | G62: 2020DHDTTT02 | H62: Công nghệ kỹ thuật điện tử - viễn thông | I62: FE6010 | J62: K15 | K62: Thiết kế nhà thông minh sử dụng PIC16F877A thông báo và điều khiển thiết bị qua SMS | L62: Khoa Điện tử | M62: 21 | N62: Nguyễn Đắc Hải | X62: 20234FE6010001
A63: 62 | B63: 2020600481 | C63: Hạ Phương | D63: Hiếu | E63: 37424 | F63: Nam | G63: 2020DHDTTT01 | H63: Công nghệ kỹ thuật điện tử - viễn thông | I63: FE6010 | J63: K15 | K63: Thiết kế nhà thông minh sử dụng PIC16F877A thông báo và điều khiển thiết bị qua SMS | L63: Khoa Điện tử | M63: 21 | N63: Nguyễn Đắc Hải | X63: 20234FE6010001
A64: 63 | B64: 2020608242 | C64: Ngô Đức | D64: Thoại | E64: 37416 | F64: Nam | G64: 2020DHDTTT02 | H64: Công nghệ kỹ thuật điện tử - viễn thông | I64: FE6010 | J64: K15 | K64: Thiết kế nhà thông minh sử dụng PIC16F877A thông báo và điều khiển thiết bị qua SMS | L64: Khoa Điện tử | M64: 21 | N64: Nguyễn Đắc Hải | X64: 20234FE6010001
A65: 64 | B65: 2020606985 | C65: Đặng Văn | D65: Hoàng | E65: 37262 | F65: Nam | G65: 2020DHDTTT08 | H65: Công nghệ kỹ thuật điện tử - viễn thông | I65: FE6010 | J65: K15 | K65: Thiết kế mô hình đóng mở cửa bằng mật khẩu, thẻ Rfid và bật tắt đèn tự động | L65: Khoa Điện tử | M65: 22 | N65: Bồ Quốc Bảo | X65: 20234FE6010001
A66: 65 | B66: 2020607567 | C66: Phạm Văn | D66: Linh | E66: 37584 | F66: Nam | G66: 2020DHDTTT08 | H66: Công nghệ kỹ thuật điện tử - viễn thông | I66: FE6010 | J66: K15 | K66: Thiết kế mô hình đóng mở cửa bằng mật khẩu, thẻ Rfid và bật tắt đèn tự động | L66: Khoa Điện tử | M66: 22 | N66: Bồ Quốc Bảo | X66: 20234FE6010001
A67: 66 | B67: 2020607334 | C67: Trần Thị Thùy | D67: Trang | E67: 37524 | F67: Nữ | G67: 2020DHDTTT08 | H67: Công nghệ kỹ thuật điện tử - viễn thông | I67: FE6010 | J67: K15 | K67: Thiết kế mô hình đóng mở cửa bằng mật khẩu, thẻ Rfid và bật tắt đèn tự động | L67: Khoa Điện tử | M67: 22 | N67: Bồ Quốc Bảo | X67: 20234FE6010001
A68: 67 | B68: 2020603868 | C68: Nghiêm Đình | D68: Tùng | E68: 37457 | F68: Nam | G68: 2020DHDTTT04 | H68: Công nghệ kỹ thuật điện tử - viễn thông | I68: FE6010 | J68: K15 | K68: Nghiên cứu, thiết kế mô hình bãi đỗ xe thông minh quản lí và giám sát dùng công nghệ xử lý hình ảnh | L68: Khoa Điện tử | M68: 23 | N68: Nguyễn Anh Dũng | X68: 20234FE6010001
A69: 68 | B69: 2020603351 | C69: Ngô Anh | D69: Văn | E69: 37483 | F69: Nam | G69: 2020DHDTTT04 | H69: Công nghệ kỹ thuật điện tử - viễn thông | I69: FE6010 | J69: K15 | K69: Nghiên cứu, thiết kế mô hình bãi đỗ xe thông minh quản lí và giám sát dùng công nghệ xử lý hình ảnh | L69: Khoa Điện tử | M69: 23 | N69: Nguyễn Anh Dũng | X69: 20234FE6010001
A70: 69 | B70: 2020603326 | C70: Mẫn Thế | D70: Vinh | E70: 37282 | F70: Nam | G70: 2020DHDTTT04 | H70: Công nghệ kỹ thuật điện tử - viễn thông | I70: FE6010 | J70: K15 | K70: Nghiên cứu, thiết kế mô hình bãi đỗ xe thông minh quản lí và giám sát dùng công nghệ xử lý hình ảnh | L70: Khoa Điện tử | M70: 23 | N70: Nguyễn Anh Dũng | X70: 20234FE6010001
A71: 70 | B71: 2020606108 | C71: Vũ Văn | D71: Nguyên | E71: 37496 | F71: Nam | G71: 2020DHDTTT07 | H71: Công nghệ kỹ thuật điện tử - viễn thông | I71: FE6010 | J71: K15 | K71: Thiết kế mô hình nhà thông minh sử dụng vi điều khiển | L71: Khoa Điện tử | M71: 24 | N71: Nguyễn Văn Dũng | X71: 20234FE6010001
A72: 71 | B72: 2020603293 | C72: Trịnh Ngọc | D72: Phúc | E72: 37417 | F72: Nam | G72: 2020DHDTTT04 | H72: Công nghệ kỹ thuật điện tử - viễn thông | I72: FE6010 | J72: K15 | K72: Thiết kế mô hình nhà thông minh sử dụng vi điều khiển | L72: Khoa Điện tử | M72: 24 | N72: Nguyễn Văn Dũng | X72: 20234FE6010001
A73: 72 | B73: 2021605231 | C73: Trương Thị | D73: Vân | E73: 37918 | F73: Nữ | G73: 2021DHDTTT06 | H73: Công nghệ kỹ thuật điện tử - viễn thông | I73: FE6010 | J73: LTK16 | K73: Thiết kế mô hình nhà thông minh sử dụng vi điều khiển | L73: Khoa Điện tử | M73: 24 | N73: Nguyễn Văn Dũng | X73: 20234FE6010001
A74: 73 | B74: 2020602786 | C74: Nguyễn Bá | D74: Đạt | E74: 37344 | F74: Nam | G74: 2020DHDTTT03 | H74: Công nghệ kỹ thuật điện tử - viễn thông | I74: FE6010 | J74: K15 | K74: Quản lý sinh viên thông qua thẻ RFID | L74: Khoa Điện tử | M74: 25 | N74: Nguyễn Thị Thu Hà | R74: Tên đề tài không phù hợp do thiếu động từ thể hiện mức độ Thiết kế theo thang Bloom | X74: 20234FE6010001
A75: 74 | B75: 2020602602 | C75: Phạm Văn | D75: Đức | E75: 37620 | F75: Nam | G75: 2020DHDTTT03 | H75: Công nghệ kỹ thuật điện tử - viễn thông | I75: FE6010 | J75: K15 | K75: Quản lý sinh viên thông qua thẻ RFID | L75: Khoa Điện tử | M75: 25 | N75: Nguyễn Thị Thu Hà | R75: Tên đề tài không phù hợp do thiếu động từ thể hiện mức độ Thiết kế theo thang Bloom | X75: 20234FE6010001
A76: 75 | B76: 2020602837 | C76: Nguyễn Khả | D76: Thực | E76: 37303 | F76: Nam | G76: 2020DHDTTT03 | H76: Công nghệ kỹ thuật điện tử - viễn thông | I76: FE6010 | J76: K15 | K76: Quản lý sinh viên thông qua thẻ RFID | L76: Khoa Điện tử | M76: 25 | N76: Nguyễn Thị Thu Hà | R76: Tên đề tài không phù hợp do thiếu động từ thể hiện mức độ Thiết kế theo thang Bloom | X76: 20234FE6010001
A77: 76 | B77: 2020606775 | C77: Lương Tiến | D77: Đạt | E77: 37371 | F77: Nam | G77: 2020DHDTTT07 | H77: Công nghệ kỹ thuật điện tử - viễn thông | I77: FE6010 | J77: K15 | K77: Thiết kế mô hình máy bay không người lái | L77: Khoa Điện tử | M77: 26 | N77: Bồ Quốc Bảo | X77: 20234FE6010001
A78: 77 | B78: 2020606150 | C78: Trần Sỹ | D78: Huấn | E78: 37288 | F78: Nam | G78: 2020DHDTTT07 | H78: Công nghệ kỹ thuật điện tử - viễn thông | I78: FE6010 | J78: K15 | K78: Thiết kế mô hình máy bay không người lái | L78: Khoa Điện tử | M78: 26 | N78: Bồ Quốc Bảo | X78: 20234FE6010001
A79: 78 | B79: 2020607881 | C79: Nguyễn Văn | D79: Long | E79: 37554 | F79: Nam | G79: 2020DHDTTT07 | H79: Công nghệ kỹ thuật điện tử - viễn thông | I79: FE6010 | J79: K15 | K79: Thiết kế mô hình máy bay không người lái | L79: Khoa Điện tử | M79: 26 | N79: Bồ Quốc Bảo | X79: 20234FE6010001
A80: 79 | B80: 2019600662 | C80: Tạ Văn | D80: Hiếu | E80: 37222 | F80: Nam | G80: 2019DHDTTT01 | H80: Công nghệ kỹ thuật điện tử - viễn thông | I80: FE6010 | J80: K14 | K80: Nghiên cứu, thiết kế mô hình đếm, phân loại sản phẩm theo màu sắc sử dụng STM32. | L80: Khoa Điện tử | M80: 27 | N80: Nguyễn Đắc Hải | R80: Tên đề tài do SV đề xuất | X80: 20234FE6010001
A81: 80 | B81: 2019600530 | C81: Đỗ Thành | D81: Hưng | E81: 22/06/2001 | F81: Nam | G81: 2019DHDTTT01 | H81: Công nghệ kỹ thuật điện tử - viễn thông | I81: FE6010 | J81: K14 | K81: Nghiên cứu, thiết kế mô hình đếm, phân loại sản phẩm theo màu sắc sử dụng STM32. | L81: Khoa Điện tử | M81: 27 | N81: Nguyễn Đắc Hải | R81: Tên đề tài do SV đề xuất | X81: 20234FE6010001
A82: 81 | B82: 2020600700 | C82: Khúc Tuấn | D82: Linh | E82: 37620 | F82: Nam | G82: 2020DHDTTT01 | H82: Công nghệ kỹ thuật điện tử - viễn thông | I82: FE6010 | J82: K15 | K82: Nghiên cứu, thiết kế mô hình đếm, phân loại sản phẩm theo màu sắc sử dụng STM32. | L82: Khoa Điện tử | M82: 27 | N82: Nguyễn Đắc Hải | R82: Tên đề tài do SV đề xuất | X82: 20234FE6010001
A83: 82 | B83: 2020600514 | C83: Nguyễn Thị Thu | D83: Hoài | E83: 37510 | F83: Nữ | G83: 2020DHDTTT01 | H83: Công nghệ kỹ thuật điện tử - viễn thông | I83: FE6010 | J83: K15 | K83: Thiết kế mô hình điều khiển giám sát đếm và phân loại sản phẩm theo màu sắc trên băng truyền | L83: Khoa Điện tử | M83: 28 | N83: Vũ Thị Hoàng Yến | R83: Tên đề tài do SV đề xuất. Đề nghị đổi tên do trùng đề tài số 37 | X83: 20234FE6010001
A84: 83 | B84: 2020600234 | C84: Nguyễn Hoàng | D84: Quân | E84: 37514 | F84: Nam | G84: 2020DHDTTT01 | H84: Công nghệ kỹ thuật điện tử - viễn thông | I84: FE6010 | J84: K15 | K84: Thiết kế mô hình điều khiển giám sát đếm và phân loại sản phẩm theo màu sắc trên băng truyền | L84: Khoa Điện tử | M84: 28 | N84: Vũ Thị Hoàng Yến | R84: Tên đề tài do SV đề xuất. Đề nghị đổi tên do trùng đề tài số 37 | X84: 20234FE6010001
A85: 84 | B85: 2020600175 | C85: Nguyễn Hồng | D85: Quân | E85: 37269 | F85: Nam | G85: 2020DHDTTT01 | H85: Công nghệ kỹ thuật điện tử - viễn thông | I85: FE6010 | J85: K15 | K85: Thiết kế mô hình điều khiển giám sát đếm và phân loại sản phẩm theo màu sắc trên băng truyền | L85: Khoa Điện tử | M85: 28 | N85: Vũ Thị Hoàng Yến | R85: Tên đề tài do SV đề xuất. Đề nghị đổi tên do trùng đề tài số 37 | X85: 20234FE6010001
A86: 85 | B86: 2020601017 | C86: Trần Văn | D86: Quân | E86: 37320 | F86: Nam | G86: 2020DHDTTT01 | H86: Công nghệ kỹ thuật điện tử - viễn thông | I86: FE6010 | J86: K15 | K86: Thiết kế mạch điều khiển và kiểm soát vị trí xe oto trong bãi đỗ xe hiển thị LCD sử dụng STM32 | L86: Khoa Điện tử | M86: 29 | N86: Trần Xuân Phương | X86: 20234FE6010001
A87: 86 | B87: 2020604776 | C87: Nguyễn Trần | D87: Thông | E87: 37295 | F87: Nam | G87: 2020DHDTTT05 | H87: Công nghệ kỹ thuật điện tử - viễn thông | I87: FE6010 | J87: K15 | K87: Thiết kế mạch điều khiển và kiểm soát vị trí xe oto trong bãi đỗ xe hiển thị LCD sử dụng STM32 | L87: Khoa Điện tử | M87: 29 | N87: Trần Xuân Phương | X87: 20234FE6010001
A88: 87 | B88: 2020604804 | C88: Vũ Đức | D88: Việt | E88: 37577 | F88: Nam | G88: 2020DHDTTT05 | H88: Công nghệ kỹ thuật điện tử - viễn thông | I88: FE6010 | J88: K15 | K88: Thiết kế mạch điều khiển và kiểm soát vị trí xe oto trong bãi đỗ xe hiển thị LCD sử dụng STM32 | L88: Khoa Điện tử | M88: 29 | N88: Trần Xuân Phương | X88: 20234FE6010001
A89: 88 | B89: 2020604829 | C89: Vũ Văn | D89: Chiến | E89: 37480 | F89: Nam | G89: 2020DHDTTT05 | H89: Công nghệ kỹ thuật điện tử - viễn thông | I89: FE6010 | J89: K15 | K89: Thiết kế hệ thống cảnh báo cháy và rò rỉ khí gas qua tin nhắn điện thoại. | L89: Khoa Điện tử | M89: 30 | N89: Lê Mạnh Long | R89: Tên đề tài do SV đề xuất | X89: 20234FE6010001
A90: 89 | B90: 2020604325 | C90: Mẫn Đức | D90: Cường | E90: 16/07/2002 | F90: Nam | G90: 2020DHDTTT05 | H90: Công nghệ kỹ thuật điện tử - viễn thông | I90: FE6010 | J90: K15 | K90: Thiết kế hệ thống cảnh báo cháy và rò rỉ khí gas qua tin nhắn điện thoại. | L90: Khoa Điện tử | M90: 30 | N90: Lê Mạnh Long | R90: Tên đề tài do SV đề xuất | X90: 20234FE6010001
A91: 90 | B91: 2020607965 | C91: Phạm Văn | D91: Toán | E91: 37316 | F91: Nam | G91: 2020DHDTTT05 | H91: Công nghệ kỹ thuật điện tử - viễn thông | I91: FE6010 | J91: K15 | K91: Thiết kế hệ thống cảnh báo cháy và rò rỉ khí gas qua tin nhắn điện thoại. | L91: Khoa Điện tử | M91: 30 | N91: Lê Mạnh Long | R91: Tên đề tài do SV đề xuất | X91: 20234FE6010001
A92: 91 | B92: 2020604954 | C92: Phạm Trọng | D92: Bằng | E92: 37509 | F92: Nam | G92: 2020DHDTTT05 | H92: Công nghệ kỹ thuật điện tử - viễn thông | I92: FE6010 | J92: K15 | K92: Thiết kế hệ thống nhà thông minh | L92: Khoa Điện tử | M92: 31 | N92: Nguyễn Thị Diệu Linh | X92: 20234FE6010001
A93: 92 | B93: 2020604399 | C93: Vương Tuấn | D93: Chính | E93: 37472 | F93: Nam | G93: 2020DHDTTT05 | H93: Công nghệ kỹ thuật điện tử - viễn thông | I93: FE6010 | J93: K15 | K93: Thiết kế hệ thống nhà thông minh | L93: Khoa Điện tử | M93: 31 | N93: Nguyễn Thị Diệu Linh | X93: 20234FE6010001
A94: 93 | B94: 2020604747 | C94: Vũ Thị Thùy | D94: Vân | E94: 37290 | F94: Nữ | G94: 2020DHDTTT05 | H94: Công nghệ kỹ thuật điện tử - viễn thông | I94: FE6010 | J94: K15 | K94: Thiết kế hệ thống nhà thông minh | L94: Khoa Điện tử | M94: 31 | N94: Nguyễn Thị Diệu Linh | X94: 20234FE6010001
A95: 94 | B95: 2020605632 | C95: Nguyễn Đình | D95: Hải | E95: 37352 | F95: Nam | G95: 2020DHDTTT06 | H95: Công nghệ kỹ thuật điện tử - viễn thông | I95: FE6010 | J95: K15 | K95: Thiêt kế hệ thống phân loại sản phẩm bằng màu sắc sử dụng STM32 | L95: Khoa Điện tử | M95: 32 | N95: Phạm Xuân Thành | X95: 20234FE6010001
A96: 95 | B96: 2020605627 | C96: Lại Trường | D96: Ích | E96: 37428 | F96: Nam | G96: 2020DHDTTT06 | H96: Công nghệ kỹ thuật điện tử - viễn thông | I96: FE6010 | J96: K15 | K96: Thiêt kế hệ thống phân loại sản phẩm bằng màu sắc sử dụng STM32 | L96: Khoa Điện tử | M96: 32 | N96: Phạm Xuân Thành | X96: 20234FE6010001
A97: 96 | B97: 2020607067 | C97: Trần Quốc | D97: Tài | E97: 22/09/2002 | F97: Nam | G97: 2020DHDTTT01 | H97: Công nghệ kỹ thuật điện tử - viễn thông | I97: FE6010 | J97: K15 | K97: Thiêt kế hệ thống phân loại sản phẩm bằng màu sắc sử dụng STM32 | L97: Khoa Điện tử | M97: 32 | N97: Phạm Xuân Thành | X97: 20234FE6010001
A98: 97 | B98: 2020607448 | C98: Dương Thế | D98: Anh | E98: 37341 | F98: Nam | G98: 2020DHDTTT08 | H98: Công nghệ kỹ thuật điện tử - viễn thông | I98: FE6010 | J98: K15 | K98: Thiết kế mô hình bãi đỗ xe nhận dạng biển số hiển thị chỗ trống trong bãi, phát hiện cháy. | L98: Khoa Điện tử | M98: 33 | N98: Nguyễn Văn Tùng | R98: Tên đề tài do SV đề xuất | X98: 20234FE6010001
A99: 98 | B99: 2020607484 | C99: Nguyễn Văn | D99: Chiến | E99: 37609 | F99: Nam | G99: 2020DHDTTT08 | H99: Công nghệ kỹ thuật điện tử - viễn thông | I99: FE6010 | J99: K15 | K99: Thiết kế mô hình bãi đỗ xe nhận dạng biển số hiển thị chỗ trống trong bãi, phát hiện cháy. | L99: Khoa Điện tử | M99: 33 | N99: Nguyễn Văn Tùng | R99: Tên đề tài do SV đề xuất | X99: 20234FE6010001
A100: 99 | B100: 2020607780 | C100: Bùi Thanh | D100: Tùng | E100: 37572 | F100: Nam | G100: 2020DHDTTT08 | H100: Công nghệ kỹ thuật điện tử - viễn thông | I100: FE6010 | J100: K15 | K100: Thiết kế mô hình bãi đỗ xe nhận dạng biển số hiển thị chỗ trống trong bãi, phát hiện cháy. | L100: Khoa Điện tử | M100: 33 | N100: Nguyễn Văn Tùng | R100: Tên đề tài do SV đề xuất | X100: 20234FE6010001
...

Sheet Tong hop
A1: TT | B1: Học vị | C1: Họ và tên GV | D1: Tổng | E1: ĐTVT | G1: KTMT | I1: MMT&TTDL
E2: FE6010 | F2: 0803106 | G2: FE6076 | H2: 0803145 | I2: FE6102 | J2: 0803168
A3: 1 | B3: Thạc sĩ | C3: Nguyễn Ngọc Anh | D3: =COUNTIFS('DSSV-Tên đề tài-Hướng dẫn'!N:N,C3) -> 6 | E3: =COUNTIFS('DSSV-Tên đề tài-Hướng dẫn'!I:I,$E$2,'DSSV-Tên đề tài-Hướng dẫn'!N:N,C3) -> 6 | F3: =COUNTIFS('DSSV-Tên đề tài-Hướng dẫn'!I:I,$F$2,'DSSV-Tên đề tài-Hướng dẫn'!N:N,C3) -> 0 | G3: =COUNTIFS('DSSV-Tên đề tài-Hướng dẫn'!I:I,$G$2,'DSSV-Tên đề tài-Hướng dẫn'!N:N,C3) -> 0 | H3: =COUNTIFS('DSSV-Tên đề tài-Hướng dẫn'!I:I,$H$2,'DSSV-Tên đề tài-Hướng dẫn'!N:N,C3) -> 0 | I3: =COUNTIFS('DSSV-Tên đề tài-Hướng dẫn'!I:I,$I$2,'DSSV-Tên đề tài-Hướng dẫn'!N:N,C3) -> 0 | J3: =COUNTIFS('DSSV-Tên đề tài-Hướng dẫn'!I:I,$J$2,'DSSV-Tên đề tài-Hướng dẫn'!N:N,C3) -> 0 | K3: =F3+H3+J3 -> 0
A4: 2 | B4: Thạc sĩ | C4: Nguyễn Tuấn Anh | D4: =COUNTIFS('DSSV-Tên đề tài-Hướng dẫn'!N:N,C4) -> 6 | E4: =COUNTIFS('DSSV-Tên đề tài-Hướng dẫn'!I:I,$E$2,'DSSV-Tên đề tài-Hướng dẫn'!N:N,C4) -> 0 | F4: =COUNTIFS('DSSV-Tên đề tài-Hướng dẫn'!I:I,$F$2,'DSSV-Tên đề tài-Hướng dẫn'!N:N,C4) -> 0 | G4: =COUNTIFS('DSSV-Tên đề tài-Hướng dẫn'!I:I,$G$2,'DSSV-Tên đề tài-Hướng dẫn'!N:N,C4) -> 3 | H4: =COUNTIFS('DSSV-Tên đề tài-Hướng dẫn'!I:I,$H$2,'DSSV-Tên đề tài-Hướng dẫn'!N:N,C4) -> 3 | I4: =COUNTIFS('DSSV-Tên đề tài-Hướng dẫn'!I:I,$I$2,'DSSV-Tên đề tài-Hướng dẫn'!N:N,C4) -> 0 | J4: =COUNTIFS('DSSV-Tên đề tài-Hướng dẫn'!I:I,$J$2,'DSSV-Tên đề tài-Hướng dẫn'!N:N,C4) -> 0 | K4: =F4+H4+J4 -> 3
A5: 3 | B5: Thạc sĩ | C5: Đỗ Thị Ngọc Ánh | D5: =COUNTIFS('DSSV-Tên đề tài-Hướng dẫn'!N:N,C5) -> 6 | E5: =COUNTIFS('DSSV-Tên đề tài-Hướng dẫn'!I:I,$E$2,'DSSV-Tên đề tài-Hướng dẫn'!N:N,C5) -> 6 | F5: =COUNTIFS('DSSV-Tên đề tài-Hướng dẫn'!I:I,$F$2,'DSSV-Tên đề tài-Hướng dẫn'!N:N,C5) -> 0 | G5: =COUNTIFS('DSSV-Tên đề tài-Hướng dẫn'!I:I,$G$2,'DSSV-Tên đề tài-Hướng dẫn'!N:N,C5) -> 0 | H5: =COUNTIFS('DSSV-Tên đề tài-Hướng dẫn'!I:I,$H$2,'DSSV-Tên đề tài-Hướng dẫn'!N:N,C5) -> 0 | I5: =COUNTIFS('DSSV-Tên đề tài-Hướng dẫn'!I:I,$I$2,'DSSV-Tên đề tài-Hướng dẫn'!N:N,C5) -> 0 | J5: =COUNTIFS('DSSV-Tên đề tài-Hướng dẫn'!I:I,$J$2,'DSSV-Tên đề tài-Hướng dẫn'!N:N,C5) -> 0 | K5: =F5+H5+J5 -> 0
A6: 4 | B6: Tiến sĩ | C6: Bồ Quốc Bảo | D6: =COUNTIFS('DSSV-Tên đề tài-Hướng dẫn'!N:N,C6) -> 6 | E6: =COUNTIFS('DSSV-Tên đề tài-Hướng dẫn'!I:I,$E$2,'DSSV-Tên đề tài-Hướng dẫn'!N:N,C6) -> 6 | F6: =COUNTIFS('DSSV-Tên đề tài-Hướng dẫn'!I:I,$F$2,'DSSV-Tên đề tài-Hướng dẫn'!N:N,C6) -> 0 | G6: =COUNTIFS('DSSV-Tên đề tài-Hướng dẫn'!I:I,$G$2,'DSSV-Tên đề tài-Hướng dẫn'!N:N,C6) -> 0 | H6: =COUNTIFS('DSSV-Tên đề tài-Hướng dẫn'!I:I,$H$2,'DSSV-Tên đề tài-Hướng dẫn'!N:N,C6) -> 0 | I6: =COUNTIFS('DSSV-Tên đề tài-Hướng dẫn'!I:I,$I$2,'DSSV-Tên đề tài-Hướng dẫn'!N:N,C6) -> 0 | J6: =COUNTIFS('DSSV-Tên đề tài-Hướng dẫn'!I:I,$J$2,'DSSV-Tên đề tài-Hướng dẫn'!N:N,C6) -> 0 | K6: =F6+H6+J6 -> 0
A7: 5 | B7: Thạc sĩ | C7: Phạm Văn Chiến | D7: =COUNTIFS('DSSV-Tên đề tài-Hướng dẫn'!N:N,C7) -> 3 | E7: =COUNTIFS('DSSV-Tên đề tài-Hướng dẫn'!I:I,$E$2,'DSSV-Tên đề tài-Hướng dẫn'!N:N,C7) -> 0 | F7: =COUNTIFS('DSSV-Tên đề tài-Hướng dẫn'!I:I,$F$2,'DSSV-Tên đề tài-Hướng dẫn'!N:N,C7) -> 0 | G7: =COUNTIFS('DSSV-Tên đề tài-Hướng dẫn'!I:I,$G$2,'DSSV-Tên đề tài-Hướng dẫn'!N:N,C7) -> 3 | H7: =COUNTIFS('DSSV-Tên đề tài-Hướng dẫn'!I:I,$H$2,'DSSV-Tên đề tài-Hướng dẫn'!N:N,C7) -> 0 | I7: =COUNTIFS('DSSV-Tên đề tài-Hướng dẫn'!I:I,$I$2,'DSSV-Tên đề tài-Hướng dẫn'!N:N,C7) -> 0 | J7: =COUNTIFS('DSSV-Tên đề tài-Hướng dẫn'!I:I,$J$2,'DSSV-Tên đề tài-Hướng dẫn'!N:N,C7) -> 0 | K7: =F7+H7+J7 -> 0
A8: 6 | B8: Thạc sĩ | C8: Nguyễn Văn Cường | D8: =COUNTIFS('DSSV-Tên đề tài-Hướng dẫn'!N:N,C8) -> 0 | E8: =COUNTIFS('DSSV-Tên đề tài-Hướng dẫn'!I:I,$E$2,'DSSV-Tên đề tài-Hướng dẫn'!N:N,C8) -> 0 | F8: =COUNTIFS('DSSV-Tên đề tài-Hướng dẫn'!I:I,$F$2,'DSSV-Tên đề tài-Hướng dẫn'!N:N,C8) -> 0 | G8: =COUNTIFS('DSSV-Tên đề tài-Hướng dẫn'!I:I,$G$2,'DSSV-Tên đề tài-Hướng dẫn'!N:N,C8) -> 0 | H8: =COUNTIFS('DSSV-Tên đề tài-Hướng dẫn'!I:I,$H$2,'DSSV-Tên đề tài-Hướng dẫn'!N:N,C8) -> 0 | I8: =COUNTIFS('DSSV-Tên đề tài-Hướng dẫn'!I:I,$I$2,'DSSV-Tên đề tài-Hướng dẫn'!N:N,C8) -> 0 | J8: =COUNTIFS('DSSV-Tên đề tài-Hướng dẫn'!I:I,$J$2,'DSSV-Tên đề tài-Hướng dẫn'!N:N,C8) -> 0 | K8: =F8+H8+J8 -> 0
A9: 7 | B9: Thạc sĩ | C9: Nguyễn Anh Dũng | D9: =COUNTIFS('DSSV-Tên đề tài-Hướng dẫn'!N:N,C9) -> 6 | E9: =COUNTIFS('DSSV-Tên đề tài-Hướng dẫn'!I:I,$E$2,'DSSV-Tên đề tài-Hướng dẫn'!N:N,C9) -> 6 | F9: =COUNTIFS('DSSV-Tên đề tài-Hướng dẫn'!I:I,$F$2,'DSSV-Tên đề tài-Hướng dẫn'!N:N,C9) -> 0 | G9: =COUNTIFS('DSSV-Tên đề tài-Hướng dẫn'!I:I,$G$2,'DSSV-Tên đề tài-Hướng dẫn'!N:N,C9) -> 0 | H9: =COUNTIFS('DSSV-Tên đề tài-Hướng dẫn'!I:I,$H$2,'DSSV-Tên đề tài-Hướng dẫn'!N:N,C9) -> 0 | I9: =COUNTIFS('DSSV-Tên đề tài-Hướng dẫn'!I:I,$I$2,'DSSV-Tên đề tài-Hướng dẫn'!N:N,C9) -> 0 | J9: =COUNTIFS('DSSV-Tên đề tài-Hướng dẫn'!I:I,$J$2,'DSSV-Tên đề tài-Hướng dẫn'!N:N,C9) -> 0 | K9: =F9+H9+J9 -> 0
A10: 8 | B10: Thạc sĩ | C10: Nguyễn Văn Dũng | D10: =COUNTIFS('DSSV-Tên đề tài-Hướng dẫn'!N:N,C10) -> 3 | E10: =COUNTIFS('DSSV-Tên đề tài-Hướng dẫn'!I:I,$E$2,'DSSV-Tên đề tài-Hướng dẫn'!N:N,C10) -> 3 | F10: =COUNTIFS('DSSV-Tên đề tài-Hướng dẫn'!I:I,$F$2,'DSSV-Tên đề tài-Hướng dẫn'!N:N,C10) -> 0 | G10: =COUNTIFS('DSSV-Tên đề tài-Hướng dẫn'!I:I,$G$2,'DSSV-Tên đề tài-Hướng dẫn'!N:N,C10) -> 0 | H10: =COUNTIFS('DSSV-Tên đề tài-Hướng dẫn'!I:I,$H$2,'DSSV-Tên đề tài-Hướng dẫn'!N:N,C10) -> 0 | I10: =COUNTIFS('DSSV-Tên đề tài-Hướng dẫn'!I:I,$I$2,'DSSV-Tên đề tài-Hướng dẫn'!N:N,C10) -> 0 | J10: =COUNTIFS('DSSV-Tên đề tài-Hướng dẫn'!I:I,$J$2,'DSSV-Tên đề tài-Hướng dẫn'!N:N,C10) -> 0 | K10: =F10+H10+J10 -> 0
A11: 9 | B11: Tiến sĩ | C11: Hà Thị Kim Duyên | D11: =COUNTIFS('DSSV-Tên đề tài-Hướng dẫn'!N:N,C11) -> 6 | E11: =COUNTIFS('DSSV-Tên đề tài-Hướng dẫn'!I:I,$E$2,'DSSV-Tên đề tài-Hướng dẫn'!N:N,C11) -> 6 | F11: =COUNTIFS('DSSV-Tên đề tài-Hướng dẫn'!I:I,$F$2,'DSSV-Tên đề tài-Hướng dẫn'!N:N,C11) -> 0 | G11: =COUNTIFS('DSSV-Tên đề tài-Hướng dẫn'!I:I,$G$2,'DSSV-Tên đề tài-Hướng dẫn'!N:N,C11) -> 0 | H11: =COUNTIFS('DSSV-Tên đề tài-Hướng dẫn'!I:I,$H$2,'DSSV-Tên đề tài-Hướng dẫn'!N:N,C11) -> 0 | I11: =COUNTIFS('DSSV-Tên đề tài-Hướng dẫn'!I:I,$I$2,'DSSV-Tên đề tài-Hướng dẫn'!N:N,C11) -> 0 | J11: =COUNTIFS('DSSV-Tên đề tài-Hướng dẫn'!I:I,$J$2,'DSSV-Tên đề tài-Hướng dẫn'!N:N,C11) -> 0 | K11: =F11+H11+J11 -> 0
A12: 10 | B12: Thạc sĩ | C12: Bùi Thị Thu Hà | D12: =COUNTIFS('DSSV-Tên đề tài-Hướng dẫn'!N:N,C12) -> 6 | E12: =COUNTIFS('DSSV-Tên đề tài-Hướng dẫn'!I:I,$E$2,'DSSV-Tên đề tài-Hướng dẫn'!N:N,C12) -> 6 | F12: =COUNTIFS('DSSV-Tên đề tài-Hướng dẫn'!I:I,$F$2,'DSSV-Tên đề tài-Hướng dẫn'!N:N,C12) -> 0 | G12: =COUNTIFS('DSSV-Tên đề tài-Hướng dẫn'!I:I,$G$2,'DSSV-Tên đề tài-Hướng dẫn'!N:N,C12) -> 0 | H12: =COUNTIFS('DSSV-Tên đề tài-Hướng dẫn'!I:I,$H$2,'DSSV-Tên đề tài-Hướng dẫn'!N:N,C12) -> 0 | I12: =COUNTIFS('DSSV-Tên đề tài-Hướng dẫn'!I:I,$I$2,'DSSV-Tên đề tài-Hướng dẫn'!N:N,C12) -> 0 | J12: =COUNTIFS('DSSV-Tên đề tài-Hướng dẫn'!I:I,$J$2,'DSSV-Tên đề tài-Hướng dẫn'!N:N,C12) -> 0 | K12: =F12+H12+J12 -> 0
A13: 11 | B13: Thạc sĩ | C13: Nguyễn Thị Thu Hà | D13: =COUNTIFS('DSSV-Tên đề tài-Hướng dẫn'!N:N,C13) -> 6 | E13: =COUNTIFS('DSSV-Tên đề tài-Hướng dẫn'!I:I,$E$2,'DSSV-Tên đề tài-Hướng dẫn'!N:N,C13) -> 6 | F13: =COUNTIFS('DSSV-Tên đề tài-Hướng dẫn'!I:I,$F$2,'DSSV-Tên đề tài-Hướng dẫn'!N:N,C13) -> 0 | G13: =COUNTIFS('DSSV-Tên đề tài-Hướng dẫn'!I:I,$G$2,'DSSV-Tên đề tài-Hướng dẫn'!N:N,C13) -> 0 | H13: =COUNTIFS('DSSV-Tên đề tài-Hướng dẫn'!I:I,$H$2,'DSSV-Tên đề tài-Hướng dẫn'!N:N,C13) -> 0 | I13: =COUNTIFS('DSSV-Tên đề tài-Hướng dẫn'!I:I,$I$2,'DSSV-Tên đề tài-Hướng dẫn'!N:N,C13) -> 0 | J13: =COUNTIFS('DSSV-Tên đề tài-Hướng dẫn'!I:I,$J$2,'DSSV-Tên đề tài-Hướng dẫn'!N:N,C13) -> 0 | K13: =F13+H13+J13 -> 0
A14: 12 | B14: Tiến sĩ | C14: Nguyễn Đắc Hải | D14: =COUNTIFS('DSSV-Tên đề tài-Hướng dẫn'!N:N,C14) -> 6 | E14: =COUNTIFS('DSSV-Tên đề tài-Hướng dẫn'!I:I,$E$2,'DSSV-Tên đề tài-Hướng dẫn'!N:N,C14) -> 6 | F14: =COUNTIFS('DSSV-Tên đề tài-Hướng dẫn'!I:I,$F$2,'DSSV-Tên đề tài-Hướng dẫn'!N:N,C14) -> 0 | G14: =COUNTIFS('DSSV-Tên đề tài-Hướng dẫn'!I:I,$G$2,'DSSV-Tên đề tài-Hướng dẫn'!N:N,C14) -> 0 | H14: =COUNTIFS('DSSV-Tên đề tài-Hướng dẫn'!I:I,$H$2,'DSSV-Tên đề tài-Hướng dẫn'!N:N,C14) -> 0 | I14: =COUNTIFS('DSSV-Tên đề tài-Hướng dẫn'!I:I,$I$2,'DSSV-Tên đề tài-Hướng dẫn'!N:N,C14) -> 0 | J14: =COUNTIFS('DSSV-Tên đề tài-Hướng dẫn'!I:I,$J$2,'DSSV-Tên đề tài-Hướng dẫn'!N:N,C14) -> 0 | K14: =F14+H14+J14 -> 0
... A50: 48 | B50: Tiến sĩ | C50: Kiều Xuân Thực | D50: =COUNTIFS('DSSV-Tên đề tài-Hướng dẫn'!N:N,C50) -> 0 | E50: =COUNTIFS('DSSV-Tên đề tài-Hướng dẫn'!I:I,$E$2,'DSSV-Tên đề tài-Hướng dẫn'!N:N,C50) -> 0 | F50: =COUNTIFS('DSSV-Tên đề tài-Hướng dẫn'!I:I,$F$2,'DSSV-Tên đề tài-Hướng dẫn'!N:N,C50) -> 0 | G50: =COUNTIFS('DSSV-Tên đề tài-Hướng dẫn'!I:I,$G$2,'DSSV-Tên đề tài-Hướng dẫn'!N:N,C50) -> 0 | H50: =COUNTIFS('DSSV-Tên đề tài-Hướng dẫn'!I:I,$H$2,'DSSV-Tên đề tài-Hướng dẫn'!N:N,C50) -> 0 | I50: =COUNTIFS('DSSV-Tên đề tài-Hướng dẫn'!I:I,$I$2,'DSSV-Tên đề tài-Hướng dẫn'!N:N,C50) -> 0 | J50: =COUNTIFS('DSSV-Tên đề tài-Hướng dẫn'!I:I,$J$2,'DSSV-Tên đề tài-Hướng dẫn'!N:N,C50) -> 0 | K50: =F50+H50+J50 -> 0
C53: N/A | D53: =SUM(D3:D50) -> 228 | E53: =SUM(E3:E50) -> 168 | F53: =SUM(F3:F50) -> 3 | G53: =SUM(G3:G50) -> 31 | H53: =SUM(H3:H50) -> 5 | I53: =SUM(I3:I50) -> 18 | J53: =SUM(J3:J50) -> 3
D54: =COUNTIFS('[2]Danh sach SV thuc hien DATN'!$N$32:$N$61,0) -> #VALUE! | E54: =COUNTIFS('[2]Danh sach SV thuc hien DATN'!$N$32:$N$61,0,'[2]Danh sach SV thuc hien DATN'!$G$32:$G$61,$E$2) -> #VALUE! | F54: =COUNTIFS('[2]Danh sach SV thuc hien DATN'!$N$32:$N$61,0,'[2]Danh sach SV thuc hien DATN'!$G$32:$G$61,$F$2) -> #VALUE! | H54: =COUNTIFS('[2]Danh sach SV thuc hien DATN'!$N$32:$N$61,0,'[2]Danh sach SV thuc hien DATN'!$G$32:$G$61,$H$2) -> #VALUE! | J54: =COUNTIFS('[2]Danh sach SV thuc hien DATN'!$N$32:$N$61,0,'[2]Danh sach SV thuc hien DATN'!$G$32:$G$61,$J$2) -> #VALUE!
